{"cameraMode":{"drawMode":0,"name":"Shaded","section":"Shading Mode"},"sceneLighting":true,"audioPlay":false,"sceneViewState":{"m_AlwaysRefresh":false,"showFog":true,"showSkybox":true,"showFlares":true,"showImageEffects":true,"showParticleSystems":true,"showVisualEffectGraphs":true,"m_FxEnabled":true},"in2DMode":false,"pivot":{"x":0.06368187069892883,"y":-2.7163805961608888,"z":13.350922584533692},"rotation":{"x":0.08797367662191391,"y":0.3601530194282532,"z":-0.02515549398958683,"w":0.9283615946769714},"size":3.560962200164795,"orthographic":true}