{"cameraMode":{"drawMode":0,"name":"Shaded","section":"Shading Mode"},"sceneLighting":false,"audioPlay":false,"sceneViewState":{"m_AlwaysRefresh":false,"showFog":true,"showSkybox":false,"showFlares":true,"showImageEffects":true,"showParticleSystems":true,"showVisualEffectGraphs":true,"m_FxEnabled":true},"in2DMode":false,"pivot":{"x":-7.789999961853027,"y":3.1500000953674318,"z":14.170000076293946},"rotation":{"x":-0.1497400552034378,"y":-0.00830858014523983,"z":0.0012574108550325037,"w":-0.9886952638626099},"size":0.6368293762207031,"orthographic":false}