{"cameraMode":{"drawMode":0,"name":"Shaded","section":"Shading Mode"},"sceneLighting":true,"audioPlay":false,"sceneViewState":{"m_AlwaysRefresh":false,"showFog":true,"showSkybox":true,"showFlares":true,"showImageEffects":true,"showParticleSystems":true,"showVisualEffectGraphs":true,"m_FxEnabled":true},"in2DMode":false,"pivot":{"x":0.11327135562896729,"y":0.965151309967041,"z":0.4274015426635742},"rotation":{"x":0.1021101325750351,"y":0.021198375150561334,"z":-0.002201744355261326,"w":0.9945662617683411},"size":2.0933218002319338,"orthographic":false}